class,proportion
1,0.6128529411764706
2,0.3510098039215686
3,0.0010098039215686275
4,0.015519607843137256
