class,proportion
1,0.8654595404595404
2,0.07612387612387612
3,0.02057942057942058
4,0.03783716283716284
